date,scrap_type,title,original_title,score,annee,public,genre,saison,time,pays,langue,description
2022-12-14 17:03:06.188469,serie,Bluey,Bluey,9.6/10,2018– ,2+,Animation, 3,7min,Australia,English,The slice-of-life adventures of an Australian Blue Heeler Cattle Dog puppy as she has fun with her family and friends in everyday situations.
2022-12-14 16:59:12.978921,serie,Planet Earth II,Planet Earth II,9.5/10,2016,Tous publics,Documentary, 1,298min,United Kingdom,English,David Attenborough returns with a new wildlife documentary that shows life in a variety of habitats.
2022-12-14 17:03:20.693407,serie,Breaking Bad,Breaking Bad,9.5/10,2008–2013,16+,Crime, 5,49min,United States,English,A chemistry teacher diagnosed with inoperable lung cancer turns to manufacturing and selling methamphetamine with a former student in order to secure his family's future.
2022-12-14 17:01:05.524049,serie,Bleach: Thousand-Year Blood War,Bleach: Sennen Kessen-hen,9.4/10,2022– ,16+,Animation, 1,24min,Japan,Japanese,"The peace is suddenly broken when warning sirens blare through the Soul Society. Residents are disappearing without a trace and nobody knows who's behind it. Meanwhile, a darkness is approac..., "
2022-12-14 17:03:19.639127,serie,Chernobyl,Chernobyl,9.4/10,2019,16+,Drama, 1,330min,United States,English,"In April 1986, an explosion at the Chernobyl nuclear power plant in the Union of Soviet Socialist Republics becomes one of the world's worst man-made catastrophes."
2022-12-14 17:03:19.732088,serie,Planet Earth,Planet Earth,9.4/10,2006,Tous publics,Documentary, 1,538min,United Kingdom,English,"Emmy Award-winning, 11 episodes, five years in the making, the most expensive nature documentary series ever commissioned by the BBC, and the first to be filmed in high definition."
2022-12-14 17:03:17.490388,serie,Band of Brothers,Band of Brothers,9.4/10,2001,16+,Drama, 1,594min,United States,English,"The story of Easy Company of the U.S. Army 101st Airborne Division and their mission in World War II Europe, from Operation Overlord to V-J Day."
2022-12-14 17:02:59.649190,serie,Scam 1992: The Harshad Mehta Story,Scam 1992: The Harshad Mehta Story,9.3/10,2020,14+,Biography, 1,54min,India,Hindi,"Set in 1980s and '90s Bombay, it follows the life of Harshad Mehta, a stockbroker who took the stock market to dizzying heights and his catastrophic downfall."
2022-12-14 17:03:19.208453,serie,Our Planet,Our Planet,9.3/10,2019,Tous publics,Documentary, 1,403min,United States,English,"Documentary series focusing on the breadth of the diversity of habitats around the world, from the remote Arctic wilderness and mysterious deep oceans to the vast landscapes of Africa and di..., "
2022-12-14 17:03:18.665987,serie,Blue Planet II,Blue Planet II,9.3/10,2017–2022,Tous publics,Documentary, 1,364min,United Kingdom,,"David Attenborough returns to the world's oceans in this sequel to the acclaimed documentary filming rare and unusual creatures of the deep, as well as documenting the problems our oceans fa..., "
2022-12-14 17:01:09.792166,serie,Critical Role,Critical Role,9.3/10,2015– ,14+,Adventure, 3,3min,United States,English,"A live weekly show in which a band of professional voice actors improvise, role-play, and roll their way through an epic Dungeons and Dragons campaign."
2022-12-14 17:03:19.308630,serie,Cosmos: A Spacetime Odyssey,Cosmos: A Spacetime Odyssey,9.3/10,2014,Tous publics,Documentary, 1,557min,United States,English,An exploration of our discovery of the laws of nature and coordinates in space and time.
2022-12-14 17:03:19.785224,serie,Avatar: The Last Airbender,Avatar: The Last Airbender,9.3/10,2005–2008,7+,Animation, 3,23min,United States,English,"In a war-torn world of elemental magic, a young boy reawakens to undertake a dangerous mystic quest to fulfill his destiny as the Avatar, and bring peace to the world."
2022-12-14 17:03:18.153616,serie,The Wire,The Wire,9.3/10,2002–2008,16+,Crime, 5,59min,United States,English,"The Baltimore drug scene, as seen through the eyes of drug dealers and law enforcement."
2022-12-14 17:03:12.325665,serie,Cosmos,Cosmos,9.3/10,1980,Tous publics,Documentary, 1,13min,United States,,Astronomer Carl Sagan leads us on an engaging guided tour of the various elements and cosmological theories of the universe.
2022-12-14 17:03:08.591462,serie,Game of Thrones,Game of Thrones,9.2/10,2011–2019,16+,Action, 8,57min,United States,English,"Nine noble families fight for control over the lands of Westeros, while an ancient enemy returns after being dormant for millennia."
2022-12-14 17:03:16.094719,serie,The Sopranos,The Sopranos,9.2/10,1999–2007,16+,Crime, 6,55min,United States,English,"New Jersey mob boss Tony Soprano deals with personal and professional issues in his home and business life that affect his mental state, leading him to seek professional psychiatric counseli..., "
2022-12-14 17:03:08.740224,serie,The World at War,The World at War,9.2/10,1973–1974,Tous publics,Documentary, 1,52min,United Kingdom,,"A groundbreaking 26-part documentary series narrated by the actor Laurence Olivier about the deadliest conflict in history, World War II."
2022-12-14 17:03:03.157501,serie,The Last Dance,The Last Dance,9.1/10,2020,16+,Documentary, 1,491min,United States,English,"Charting the rise of the 1990s Chicago Bulls, led by Michael Jordan, one of the most notable dynasties in sports history."
2022-12-14 17:02:11.813364,serie,Kota Factory,Kota Factory,9.1/10,2019–2021,14+,Comedy, 2,45min,India,Hindi,"Dedicated to Shrimati SL Loney ji, Shri Irodov ji and Maanniya HC Verma ji, 'Kota Factory' is TVF's latest original. India's first 'Black and White' show highlights the problems present day ..., "
2022-12-14 17:03:00.314714,serie,The Vietnam War,The Vietnam War,9.1/10,2017,16+,Documentary, 1,990min,United States,English,A comprehensive history of the United States' involvement in the bitterly divisive armed conflict in Southeast Asia.
2022-12-14 17:02:44.881792,serie,TVF Pitchers,TVF Pitchers,9.1/10,2015–2022,16+,Comedy, 1,40min,India,Hindi,A story of trials and tribulations of four young entrepreneurs who quit their day jobs in order to pursue their start up venture.
2022-12-14 17:03:10.275697,serie,Rick and Morty,Rick and Morty,9.1/10,2013– ,14+,Animation, 6,23min,United States,English,An animated series that follows the exploits of a super scientist and his not-so-bright grandson.
2022-12-14 17:02:30.543267,serie,Leyla and Mecnun,Leyla ile Mecnun,9.1/10,2011–2023,Tous publics,Adventure, 6,80min,Turkey,Turkish,"Turkish television comedy series set in Istanbul, Leyla and Mecnun is a surreal and absurd comedy that revolves around the fictional love story between Leyla and Mecnun."
2022-12-14 17:03:03.045856,serie,Sherlock,Sherlock,9.1/10,2010–2017,14+,Crime, 4,88min,United Kingdom,English,A modern update finds the famous sleuth and his doctor partner solving crime in 21st-century London.
2022-12-14 17:03:04.518285,serie,Fullmetal Alchemist: Brotherhood,Hagane no renkinjutsushi,9.1/10,2009–2010,14+,Animation,on,24min,Japan,Japanese,Two brothers search for a Philosopher's Stone after an attempt to revive their deceased mother goes awry and leaves them in damaged physical forms.
2022-12-14 17:03:04.175637,serie,Life,Life,9.1/10,2009,Tous publics,Documentary, 1,473min,United Kingdom,English,"David Attenborough's legendary BBC crew explains and shows wildlife all over planet earth. From giving an overview of the challenges facing life to hunting the deep sea and various major evo..., "
2022-12-14 16:59:17.056074,serie,The Civil War,The Civil War,9.1/10,1990,14+,Documentary, 1,680min,United States,,A comprehensive survey of the American Civil War.
2022-12-14 17:03:14.832073,serie,The Twilight Zone,The Twilight Zone,9.1/10,1959–1964,Tous publics,Drama, 5,51min,United States,,"Ordinary people find themselves in extraordinarily astounding situations, which they each try to solve in a remarkable manner."
2022-12-14 17:02:48.172346,serie,Clarkson's Farm,Clarkson's Farm,9.0/10,2021– ,Tous publics,Documentary, 1,45min,United Kingdom,English,Follow Jeremy Clarkson as he attempts to run a farm in the countryside.
2022-12-14 17:02:57.601181,serie,Arcane,Arcane: League of Legends,9.0/10,2021– ,14+,Animation, 1,41min,United States,English,"Set in utopian Piltover and the oppressed underground of Zaun, the story follows the origins of two iconic League champions-and the power that will tear them apart."
2022-12-14 16:59:17.427885,serie,The Beatles: Get Back,The Beatles: Get Back,9.0/10,2021,Tous publics,Documentary, 1,468min,United Kingdom,,Documentary about the music group The Beatles featuring in-studio footage that was shot in early 1969 for the 1970 feature film 'Let It Be.'
2022-12-14 17:01:11.744559,serie,Yeh Meri Family,Yeh Meri Family,9.0/10,2018,14+,Comedy, 1,30min,India,Hindi,Set in the summer of 1998 it is a story about conflicting emotions towards family members from the eyes of a twelve year old.
2022-12-14 17:02:58.675185,serie,Persona,Sahsiyet,9.0/10,2018,16+,Crime, 1,65min,Turkey,Turkish,A man diagnosed with Alzheimer's decides to punish criminals.
2022-12-14 17:02:40.435624,serie,Taskmaster,Taskmaster,9.0/10,2015– ,14+,Comedy,14,47min,United Kingdom,English,"Five comedians are set tasks challenging their creativity and wit. The tasks are supervised by Alex Horne but the Taskmaster, Greg Davies, always has the final word."
2022-12-14 16:59:28.338133,serie,Attack on Titan,Shingeki no Kyojin,9.0/10,2013–2023,16+,Animation, 4,24min,Japan,Japanese,"After his hometown is destroyed and his mother is killed, young Eren Jaeger vows to cleanse the earth of the giant humanoid Titans that have brought humanity to the brink of extinction."
2022-12-14 17:02:45.616894,serie,Africa,Africa,9.0/10,2013,Tous publics,Documentary,on,6min,United Kingdom,English,"Africa, the world's wildest continent. David Attenborough takes us on an awe-inspiring journey through one of the most diverse places in the world. We visit deserts, savannas, and jungles an..., "
2022-12-14 16:59:41.255059,serie,Hunter x Hunter,Hunter x Hunter,9.0/10,2011–2014,14+,Animation, 1,24min,Japan,Japanese,"Gon Freecss aspires to become a Hunter, an exceptional being capable of greatness. With his friends and his potential, he seeks out his father, who left him when he was younger."
2022-12-14 16:59:21.909535,serie,Frozen Planet,Frozen Planet,9.0/10,2011–2012,Tous publics,Documentary, 1,333min,United Kingdom,English,Focuses on life and the environment in both the Arctic and Antarctic.
2022-12-14 16:59:22.562500,serie,Human Planet,Human Planet,9.0/10,2011,Tous publics,Documentary, 1,50min,United Kingdom,,A cinematic experience bringing you the most amazing human stories in the world. Humans and wildlife surviving in the most extreme environments on Earth
2022-12-14 17:02:42.428405,serie,Apocalypse: The Second World War,Apocalypse: La 2ème guerre mondiale,9.0/10,2009,16+,Documentary, 1,312min,France,French,"This six-part series traces the Second World War, from the rise of the Nazis to the surrender of the Japanese, with detailed portraits of key figures."
2022-12-14 16:59:25.195481,serie,Death Note,Death Note: Desu nôto,9.0/10,2006–2007,14+,Animation, 1,24min,Japan,Japanese,An intelligent high school student goes on a secret crusade to eliminate criminals from the world after discovering a notebook capable of killing anyone whose name is written into it.
2022-12-14 16:59:28.763970,serie,The Office,The Office,9.0/10,2005–2013,14+,Comedy, 9,22min,United States,English,"A mockumentary on a group of typical office workers, where the workday consists of ego clashes, inappropriate behavior, and tedium."
2022-12-14 17:02:01.956315,serie,Sarabhai V/S Sarabhai,Sarabhai V/S Sarabhai,9.0/10,2004–2017,Tous publics,Comedy, 2,30min,India,Hindi,"The show revolves around the lives of the members of an Uber Wealthy - High Society Gujarati family of Cuffe Parade - South Bombay, whose daughter-in-law is from a middle class Delhi backgro..., "
2022-12-14 16:59:18.071102,serie,Firefly,Firefly,9.0/10,2002–2003,14+,Adventure, 1,44min,United States,English,"Five hundred years in the future, a renegade crew aboard a small spacecraft tries to survive as they travel the unknown parts of the galaxy and evade warring factions as well as authority ag..., "
2022-12-14 16:59:22.416284,serie,The Blue Planet,The Blue Planet,9.0/10,2001,Tous publics,Documentary, 1,389min,United Kingdom,English,"Mammoth series, five years in the making, taking a look at the rich tapestry of life in the world's oceans."
2022-12-14 17:02:57.914565,serie,Batman: The Animated Series,Batman: The Animated Series,9.0/10,1992–1995,Tous publics,Animation, 4,23min,United States,,The Dark Knight battles crime in Gotham City with occasional help from Robin and Batgirl.
2022-12-14 16:59:17.311134,serie,Dekalog,Dekalog,9.0/10,1989–1990,16+,Drama, 1,572min,Poland,,"Ten television drama films, each one based on one of the Ten Commandments."
2022-12-14 17:01:57.348443,serie,Mahabharat,Mahabharat,9.0/10,1988–1990,14+,Adventure, 1,45min,India,Hindi,"When a dynastic struggle between the collateral branches of the Kuru clan, the Kauravas and Pandavas lead them to the threshold of war, Lord Krishna decides to step in and take control of th..., "
2022-12-14 17:01:28.462182,serie,Ramayan,Ramayan,9.0/10,1987–1988,14+,Adventure, 1,30min,India,,"An adaptation of the ancient epic, in which the exiled Prince Rama and his brother Laxman set out to save Rama's wife, Sita, who has been kidnapped by the demon king of Lanka Ravana."
2022-12-14 16:59:26.759398,serie,Only Fools and Horses,Only Fools and Horses....,9.0/10,1981–2003,Tous publics,Comedy, 1,95min,United Kingdom,English,Comedy that follows two brothers from London's rough Peckham estate as they wheel and deal through a number of dodgy deals and search for the big score that'll make them millionaires.
2022-12-14 17:01:57.211096,serie,Panchayat,Panchayat,8.9/10,2020– ,14+,Comedy, 2,35min,India,Hindi,"A comedy-drama, which captures the journey of an engineering graduate Abhishek, who for lack of a better job option joins as secretary of a Panchayat office in a remote village of Uttar Prad..., "
2022-12-14 17:02:45.532142,serie,When They See Us,When They See Us,8.9/10,2019,16+,Biography, 1,296min,United States,English,Five teens from Harlem become trapped in a nightmare when they're falsely accused of a brutal attack in Central Park. Based on the true story.
2022-12-14 17:00:26.088636,serie,Black Sun,Senke nad Balkanom,8.9/10,2017– ,16+,Crime, 2,1min,Serbia,,"A historical fiction drama and thriller set in the turbulent period of the late 1920s in the Balkans as a place where high politics, local interests, capital and crime all merge together."
2022-12-14 16:59:17.227160,serie,Better Call Saul,Better Call Saul,8.9/10,2015–2022,16+,Crime, 6,46min,United States,English,The trials and tribulations of criminal lawyer Jimmy McGill in the years leading up to his fateful run-in with Walter White and Jesse Pinkman.
2022-12-14 16:59:16.867491,serie,True Detective,True Detective,8.9/10,2014–2019,16+,Crime, 3,55min,United States,English,"Seasonal anthology series in which police investigations unearth the personal and professional secrets of those involved, both within and outside the law."
2022-12-14 17:02:51.826543,serie,Last Week Tonight with John Oliver,Last Week Tonight with John Oliver,8.9/10,2014– ,16+,Comedy, 9,30min,United States,English,Former Daily Show host and correspondent John Oliver brings his persona to this weekly news satire program.
2022-12-14 17:02:53.415957,serie,Fargo,Fargo,8.9/10,2014– ,16+,Crime, 4,53min,United States,English,"Various chronicles of deception, intrigue and murder in and around frozen Minnesota. Yet all of these tales mysteriously lead back one way or another to Fargo, North Dakota."
2022-12-14 17:02:49.872632,serie,Nathan for You,Nathan for You,8.9/10,2013–2017,14+,Documentary, 4,30min,United States,English,"Nathan Fielder uses his business degree and life experiences to help real small businesses turn a profit. But because of his unorthodox approach, Nathan's genuine efforts to do good often dr..., "
2022-12-14 17:02:51.682452,serie,Gravity Falls,Gravity Falls,8.9/10,2012–2016,7+,Animation, 2,23min,United States,English,"Twin siblings Dipper and Mabel Pines spend the summer at their great-uncle's tourist trap in the enigmatic Gravity Falls, Oregon."
2022-12-14 17:02:40.828521,serie,The West Wing,The West Wing,8.9/10,1999–2006,14+,Drama, 7,44min,United States,English,Inside the lives of staffers in the West Wing of the White House.
2022-12-14 17:02:32.190900,serie,One Piece,One Piece: Wan pîsu,8.9/10,1999– ,14+,Animation,22,24min,Japan,Japanese,"Follows the adventures of Monkey D. Luffy and his pirate crew in order to find the greatest treasure ever left by the legendary Pirate, Gold Roger. The famous mystery treasure named ""One Pie..., "
2022-12-14 17:02:52.694527,serie,Cowboy Bebop,Kaubôi bibappu,8.9/10,1998–1999,14+,Animation, 1,24min,Japan,,The futuristic misadventures and tragedies of an easygoing bounty hunter and his partners.
2022-12-14 17:02:47.124499,serie,Friends,Friends,8.9/10,1994–2004,14+,Comedy,10,22min,United States,English,Follows the personal and professional lives of six twenty to thirty year-old friends living in the Manhattan borough of New York City.
2022-12-14 16:59:18.708401,serie,Seinfeld,Seinfeld,8.9/10,1989–1998,Tous publics,Comedy, 9,22min,United States,,The continuing misadventures of neurotic New York City stand-up comedian Jerry Seinfeld and his equally neurotic New York City friends.
2022-12-14 17:02:41.921592,serie,Das Boot,Das Boot,8.9/10,1985,16+,Drama, 1,293min,West Germany,,A World War II German U-Boat crew have a terrifying patrol mission in the early days of the war.
2022-12-14 17:02:21.414564,serie,"I, Claudius","I, Claudius",8.9/10,1976,Tous publics,Biography, 1,669min,United Kingdom,,"The personal and governmental affairs of the Julio-Claudian dynasty at the beginning of the Roman Empire, as recalled by one of its rulers."
2022-12-14 17:00:38.401257,serie,Chainsaw Man,Chainsaw Man,8.8/10,2022– ,16+,Animation, 1,25min,Japan,Japanese,"Following a betrayal, a young man left for the dead is reborn as a powerful devil-human hybrid after merging with his pet devil and is soon enlisted into an organization dedicated to hunting..., "
2022-12-14 17:01:39.163567,serie,1883,1883,8.8/10,2021–2022,16+,Drama, 1,1min,United States,English,Follows the Dutton family as they embark on a journey west.
2022-12-14 17:02:14.705662,serie,Ted Lasso,Ted Lasso,8.8/10,2020– ,16+,Comedy, 2,30min,United States,,"American college football coach Ted Lasso heads to London to manage AFC Richmond, a struggling English Premier League football team."
2022-12-14 17:01:59.907248,serie,Vinland Saga,Vinland Saga,8.8/10,2019– ,16+,Animation, 1,24min,Japan,Japanese,Thorfinn pursues a journey with his father's killer in order to take revenge and end his life in a duel as an honorable warrior and pay his father a homage.
2022-12-14 17:02:28.194002,serie,Succession,Succession,8.8/10,2018– ,16+,Drama, 3,1min,United States,English,"The Roy family is known for controlling the biggest media and entertainment company in the world. However, their world changes when their father steps down from the company."
2022-12-14 17:02:27.863393,serie,Narcos,Narcos,8.8/10,2015–2017,16+,Biography, 3,49min,United States,English,"A chronicled look at the criminal exploits of Colombian drug lord Pablo Escobar, as well as the many other drug kingpins who plagued the country through the years."
2022-12-14 17:02:25.037385,serie,BoJack Horseman,BoJack Horseman,8.8/10,2014–2020,16+,Animation, 6,25min,United States,,"BoJack Horseman was the star of the hit television show ""Horsin' Around"" in the '80s and '90s, but now he's washed up, living in Hollywood, complaining about everything, and wearing colorful..., "
2022-12-14 16:59:51.200214,serie,Umbre,Umbre,8.8/10,2014–2019,16+,Crime, 3,45min,Romania,Romanian,"Umbre follows Relu, an enforcer for a small-time mob boss, as he struggles to keep his family in the dark about his job. The secrets Relu keeps become increasingly oppressive and the lies be..., "
2022-12-14 17:02:16.199895,serie,Over the Garden Wall,Over the Garden Wall,8.8/10,2014,Tous publics,Animation, 1,22min,United States,,Two brothers find themselves lost in a mysterious land and try to find their way home.
2022-12-14 17:02:16.561316,serie,Peaky Blinders,Peaky Blinders,8.8/10,2013–2022,16+,Crime, 6,1min,United Kingdom,English,"A gangster family epic set in 1900s England, centering on a gang who sew razor blades in the peaks of their caps, and their fierce boss Tommy Shelby."
2022-12-14 17:02:26.786080,serie,Black Mirror,Black Mirror,8.8/10,2011–2019,16+,Drama, 5,1min,United Kingdom,English,"An anthology series exploring a twisted, high-tech multiverse where humanity's greatest innovations and darkest instincts collide."
2022-12-14 17:02:10.431902,serie,Steins;Gate,Steins;Gate,8.8/10,2011–2015,14+,Animation,on,24min,Japan,Japanese,"After discovering time travel, a university student and his colleagues must use their knowledge of it to stop an evil organization and their diabolical plans."
2022-12-14 17:01:31.091293,serie,Behzat Ç.: Bir Ankara Polisiyesi,Behzat Ç.: Bir Ankara Polisiyesi,8.8/10,2010–2019,14+,Crime, 4,90min,Turkey,Turkish,"Centered around a personally troubled, officially discredited police chief and his inharmonious police team in Ankara Police Force. Even though the show usually focuses on murders and other ..., "
2022-12-14 17:02:44.280998,serie,It's Always Sunny in Philadelphia,It's Always Sunny in Philadelphia,8.8/10,2005– ,16+,Comedy, 1,22min,United States,English,Five friends with big egos and small brains are the proprietors of an Irish pub in Philadelphia.
2022-12-14 17:02:25.183130,serie,Chappelle's Show,Chappelle's Show,8.8/10,2003–2006,16+,Comedy, 3,22min,United States,English,Comedian Dave Chappelle hosts this sketch-comedy show that parodies many of the nuances of race and culture.
2022-12-14 17:02:37.807924,serie,Curb Your Enthusiasm,Curb Your Enthusiasm,8.8/10,2000– ,16+,Comedy,11,28min,United States,English,The life and times of Larry David and the predicaments he gets himself into with his friends and complete strangers.
2022-12-14 17:02:34.167170,serie,Freaks and Geeks,Freaks and Geeks,8.8/10,1999–2000,14+,Comedy, 1,44min,United States,,A high school mathlete starts hanging out with a group of burnouts while her younger brother navigates his freshman year.
2022-12-14 17:02:33.663291,serie,Pride and Prejudice,Pride and Prejudice,8.8/10,1995,Tous publics,Drama, 1,327min,United Kingdom,English,"While the arrival of wealthy gentlemen sends her marriage-minded mother into a frenzy, willful and opinionated Elizabeth Bennet matches wits with haughty Mr. Darcy."
2022-12-14 17:02:32.077342,serie,Twin Peaks,Twin Peaks,8.8/10,1990–1991,16+,Crime, 2,47min,United States,,An idiosyncratic FBI agent investigates the murder of a young woman in the even more idiosyncratic town of Twin Peaks.
2022-12-14 17:02:22.544109,serie,Dragon Ball Z,Dragon Ball Z,8.8/10,1989–1996,Tous publics,Animation,16,24min,Japan,Japanese,"With the help of the powerful Dragonballs, a team of fighters led by the saiyan warrior Goku defend the planet earth from extraterrestrial enemies."
2022-12-14 17:03:11.703513,serie,Dragon Ball Z,Dragon Ball Z: Doragon bôru zetto,8.8/10,1989–1996,Tous publics,Animation, 1,24min,Fuji TV,,"The adventures of Earth's martial arts defender, Son Goku, continue with a new family and the revelation of his alien origins. Now Goku and his allies must defend the planet from an onslaugh..., "
2022-12-14 17:02:31.261631,serie,Blackadder Goes Forth,Blackadder Goes Forth,8.8/10,1989,Tous publics,Comedy, 1,175min,United Kingdom,English,"Stuck in the middle of World War I, Captain Edmund Blackadder does his best to escape the banality of the war."
2022-12-14 17:02:33.087719,serie,Fawlty Towers,Fawlty Towers,8.8/10,1975–1979,Tous publics,Comedy, 1,30min,United Kingdom,,"Hotel owner Basil Fawlty's incompetence, short fuse, and arrogance form a combination that ensures accidents and trouble are never far away."
2022-12-14 17:02:43.868548,serie,Monty Python's Flying Circus,Monty Python's Flying Circus,8.8/10,1969–1974,14+,Comedy, 1,30min,United Kingdom,,The original surreal sketch comedy showcase for the Monty Python troupe.
2022-12-14 17:01:02.930521,serie,The Rehearsal,The Rehearsal,8.7/10,2022– ,16+,Documentary, 1,30min,United States,English,Nathan Fielder gives people a chance to rehearse for their own lives in a world where nothing ever works out as expected.
2022-12-14 17:01:19.286929,serie,Heartstopper,Heartstopper,8.7/10,2022– ,14+,Drama, 1,30min,United Kingdom,English,Teens Charlie and Nick discover their unlikely friendship might be something more as they navigate school and young love in this coming-of-age series.
2022-12-14 17:01:54.388298,serie,Severance,Severance,8.7/10,2022– ,16+,Drama, 1,55min,United States,,"Mark leads a team of office workers whose memories have been surgically divided between their work and personal lives. When a mysterious colleague appears outside of work, it begins a journe..., "
2022-12-14 17:00:05.805236,serie,Extraordinary Attorney Woo,I-sang-han byeon-ho-sa U-yeong-u,8.7/10,2022,14+,Drama, 1,75min,South Korea,Korean,"About an autistic 27-year-old lawyer. Due to her high IQ of 164, impressive memory, and creative thought process, the brilliant Woo Young Woo graduated at the top of her class from a prestig..., "
2022-12-14 17:00:44.527248,serie,The Offer,The Offer,8.7/10,2022,16+,Biography, 1,586min,United States,English,Oscar-winning producer Albert S. Ruddy's never-before-revealed experiences of making The Godfather (1972).
2022-12-14 17:01:59.938648,serie,Invincible,Invincible,8.7/10,2021– ,16+,Animation, 1,50min,United States,,An adult animated series based on the Skybound/Image comic about a teenager whose father is the most powerful superhero on the planet.
2022-12-14 17:01:20.389215,serie,It's a Sin,It's a Sin,8.7/10,2021,16+,Comedy, 1,239min,United Kingdom,English,"A chronicle of four friends during a decade in which everything changed, including the rise of AIDS."
2022-12-14 17:00:44.646332,serie,Crash Landing on You,Sa-rang-eui bul-sa-chak,8.7/10,2019–2020,14+,Adventure,on,70min,South Korea,,"The absolute top secret love story of a chaebol heiress who made an emergency landing in North Korea because of a paragliding accident and a North Korean special officer who falls in love wi..., "
2022-12-14 17:00:30.490001,serie,The Family Man,The Family Man,8.7/10,2019– ,14+,Action, 2,45min,India,Hindi,"A working man from the National Investigation Agency tries to protect the nation from terrorism, but he also needs to keep his family safe from his secret job."
2022-12-14 17:01:23.374805,serie,Demon Slayer: Kimetsu no Yaiba,Kimetsu no Yaiba,8.7/10,2019– ,16+,Animation, 3,24min,Japan,Japanese,"A family is attacked by demons and only two members survive - Tanjiro and his sister Nezuko, who is turning into a demon slowly. Tanjiro sets out to become a demon slayer to avenge his famil..., "
2022-12-14 17:01:31.948077,serie,Primal,Primal,8.7/10,2019– ,16+,Animation, 2,22min,United States,English,A caveman and a dinosaur bond over shared tragedy and work together to survive in a perilous prehistoric world.
2022-12-14 17:02:10.555708,serie,The Mandalorian,The Mandalorian,8.7/10,2019– ,14+,Action, 2,40min,United States,English,"The travels of a lone bounty hunter in the outer reaches of the galaxy, far from the authority of the New Republic."
2022-12-14 17:02:12.281559,serie,The Boys,The Boys,8.7/10,2019– ,16+,Action, 3,1min,United States,English,A group of vigilantes set out to take down corrupt superheroes who abuse their superpowers.
2022-12-14 17:01:14.547303,serie,Yellowstone,Yellowstone,8.7/10,2018– ,16+,Drama, 5,1min,United States,English,A ranching family in Montana faces off against others encroaching on their land.
2022-12-14 17:02:12.417208,serie,Dark,Dark,8.7/10,2017–2020,16+,Crime, 3,1min,Germany,German,"A family saga with a supernatural twist, set in a German town where the disappearance of two young children exposes the relationships among four families."
2022-12-14 17:01:01.225832,serie,Anne with an E,Anne,8.7/10,2017–2019,Tous publics,Drama, 3,1min,Canada,Micmac,"The adventures of a young orphan girl living in the early 19th century. Follow Anne as she learns to navigate her new life on Prince Edward Island, in this new take on L.M. Montgomery's clas..., "
2022-12-14 17:01:54.050279,serie,The Marvelous Mrs. Maisel,The Marvelous Mrs. Maisel,8.7/10,2017– ,16+,Comedy, 4,57min,United States,,"After her husband leaves her, young mother of two Miriam ""Midge"" Maisel discovers that she has a talent for stand-up comedy. Could this be her calling?"
2022-12-14 17:01:34.150013,serie,This Is Us,This Is Us,8.7/10,2016–2022,14+,Comedy, 6,45min,United States,English,"A heartwarming and emotional story about a unique set of triplets, their struggles and their wonderful parents."
2022-12-14 17:02:07.202516,serie,Fleabag,Fleabag,8.7/10,2016–2019,16+,Comedy, 2,27min,United Kingdom,English,A comedy series adapted from the award-winning play about a young woman trying to cope with life in London whilst coming to terms with a recent tragedy.
2022-12-14 17:00:18.572631,serie,Letterkenny,Letterkenny,8.7/10,2016– ,16+,Comedy,10,30min,Canada,English,"Quick-witted, fast-paced snappy comedy about rural folk getting by in a small town."
2022-12-14 17:01:43.724524,serie,The Grand Tour,The Grand Tour,8.7/10,2016– ,14+,Comedy, 5,1min,United Kingdom,English,"Follow Jeremy, Richard and James, as they embark on an adventure across the globe, driving new and exciting automobiles from manufacturers all over the world."
2022-12-14 17:01:44.503199,serie,The Crown,The Crown,8.7/10,2016– ,16+,Biography, 5,58min,United Kingdom,English,Follows the political rivalries and romance of Queen Elizabeth II's reign and the events that shaped the second half of the twentieth century.
2022-12-14 17:02:00.565630,serie,Stranger Things,Stranger Things,8.7/10,2016– ,14+,Drama, 4,51min,United States,English,"When a young boy disappears, his mother, a police chief and his friends must confront terrifying supernatural forces in order to get him back."
2022-12-14 17:02:06.513291,serie,One Punch Man,One Punch Man: Wanpanman,8.7/10,2015–2019,Tous publics,Animation, 2,24min,Japan,Japanese,"The story of Saitama, a hero that does it just for fun & can defeat his enemies with a single punch."
2022-12-14 17:00:29.863841,serie,The Bureau,Le Bureau des Légendes,8.7/10,2015– ,16+,Drama, 5,52min,France,French,"After six years of undercover work in Syria, French intelligence officer Malotru returns home, where he struggles to forget his undercover identity, train a young recruit, and investigate wh..., "
2022-12-14 17:01:11.063405,serie,Gomorrah,Gomorra: La serie,8.7/10,2014–2021,16+,Crime, 5,55min,Italy,Italian,Ciro disregards tradition in his attempt to become the next boss of his crime syndicate. The internal power struggle puts him and his entire family's life at risk.
2022-12-14 17:01:04.806504,serie,Haikyu!!,Haikyuu!!,8.7/10,2014–2020,14+,Animation, 4,24min,Japan,Japanese,"Determined to be like the volleyball championship's star player nicknamed ""the small giant"", Shoyo joins his school's volleyball club."
2022-12-14 17:01:48.311931,serie,House of Cards,House of Cards,8.7/10,2013–2018,16+,Drama, 6,51min,United States,English,A Congressman works with his equally conniving wife to exact revenge on the people who betrayed him.
2022-12-14 17:01:41.868436,serie,Line of Duty,Line of Duty,8.7/10,2012–2021,14+,Crime, 6,1min,United Kingdom,,"Drama series following the investigations of AC-12, a controversial police anti-corruption unit."
2022-12-14 17:01:19.166807,serie,Young Justice,Young Justice,8.7/10,2010–2022,Tous publics,Animation, 4,23min,United States,English,Teenage superheroes strive to prove themselves as members of the Justice League.
2022-12-14 17:02:03.977239,serie,Downton Abbey,Downton Abbey,8.7/10,2010–2015,Tous publics,Drama, 6,58min,United Kingdom,English,A chronicle of the lives of the British aristocratic Crawley family and their servants in the early twentieth century.
2022-12-14 17:00:21.658699,serie,Ezel,Ezel,8.7/10,2009–2011,14+,Crime, 2,90min,Turkey,Turkish,"Betrayed by his trusted friends and the woman he loved, Ömer Uçar returns as Ezel to exact his vengeance."
2022-12-14 17:01:33.520804,serie,Naruto: Shippuden,Naruto: Shippûden,8.7/10,2007–2017,Tous publics,Animation,21,24min,Japan,Japanese,"Naruto Uzumaki, is a loud, hyperactive, adolescent ninja who constantly searches for approval and recognition, as well as to become Hokage, who is acknowledged as the leader and strongest of..., "
2022-12-14 17:01:58.822555,serie,Mad Men,Mad Men,8.7/10,2007–2015,16+,Drama, 7,47min,United States,English,"A drama about one of New York's most prestigious ad agencies at the beginning of the 1960s, focusing on one of the firm's most mysterious but extremely talented ad executives, Donald Draper."
2022-12-14 17:01:34.430038,serie,Dexter,Dexter,8.7/10,2006–2013,16+,Crime, 8,53min,United States,English,"He's smart. He's lovable. He's Dexter Morgan, America's favorite serial killer, who spends his days solving crimes and nights committing them. Golden Globe winner Michael C. Hall stars in th..., "
2022-12-14 17:01:52.389687,serie,Friday Night Lights,Friday Night Lights,8.7/10,2006–2011,14+,Drama, 5,44min,United States,English,"A drama that follows the lives of the Dillon Panthers, one of the nation's best high school football teams, and their head coach Eric Taylor."
2022-12-14 17:01:25.327933,serie,Code Geass,Kôdo giasu - Hangyaku no rurûshu: Code Geass - Lelouch of the Rebellion,8.7/10,2006–2008,14+,Animation,on,24min,Japan,Japanese,"After being given a mysterious power to control others, an outcast prince becomes the masked leader of the rebellion against an all-powerful empire."
2022-12-14 16:59:23.200624,serie,Gintama,Gintama,8.7/10,2005–2021,14+,Animation,on,25min,Japan,Japanese,"In an era where aliens have invaded and taken over feudal Tokyo, an unemployed samurai finds work however he can."
2022-12-14 17:01:43.073236,serie,The Thick of It,The Thick of It,8.7/10,2005–2012,16+,Comedy, 4,29min,United Kingdom,English,The Minister for Social Affairs is continually harassed by Number 10's policy enforcer and dependent on his not-so-reliable team of civil servants.
2022-12-14 17:02:18.830851,serie,Rome,Rome,8.7/10,2005–2007,16+,Action, 2,52min,United Kingdom,,A down-to-earth account of the lives of both illustrious and ordinary Romans set in the last days of the Roman Republic.
2022-12-14 17:02:09.578618,serie,House,House M.D.,8.7/10,2004–2012,14+,Drama, 8,44min,United States,English,An antisocial maverick doctor who specializes in diagnostic medicine does whatever it takes to solve puzzling cases that come his way using his crack team of doctors and his wits.
2022-12-14 17:02:04.553924,serie,Battlestar Galactica,Battlestar Galactica,8.7/10,2004–2009,14+,Action, 4,44min,United States,English,"When an old enemy, the Cylons, resurface and obliterate the 12 colonies, the crew of the aged Galactica protect a small civilian fleet - the last of humanity - as they journey toward the fab..., "
2022-12-14 17:01:40.937419,serie,Justice League Unlimited,Justice League Unlimited,8.7/10,2004–2006,7+,Animation, 3,23min,United States,,"A continuation of the Justice League animated series finds the original members of the team joined in their battle against crime and evil by dozens of other heroes from the DC comics univers..., "
2022-12-14 17:01:27.796391,serie,Monster,Monster,8.7/10,2004–2005,14+,Animation, 1,24min,Japan,Japanese,A brilliant neurosurgeon finds his life in utter turmoil after getting involved with a psychopathic former patient.
2022-12-14 17:02:13.416898,serie,Arrested Development,Arrested Development,8.7/10,2003–2019,14+,Comedy, 5,22min,United States,,"Level-headed son Michael Bluth takes over family affairs after his father is imprisoned. But the rest of his spoiled, dysfunctional family are making his job unbearable."
2022-12-14 17:01:52.763611,serie,Peep Show,Peep Show,8.7/10,2003–2015,16+,Comedy, 9,25min,United Kingdom,,"Mark and Jez are a couple of twenty-something roommates who have nothing in common - except for the fact that their lives are anything but normal. Mayhem ensues as the pair strive to cope wi..., "
2022-12-14 17:02:06.198943,serie,The Shield,The Shield,8.7/10,2002–2008,16+,Crime, 7,47min,United States,English,Drama series following the lives and cases of dirty cop Vic Mackey and the LAPD unit under his command.
2022-12-14 17:01:46.203011,serie,Top Gear,Top Gear,8.7/10,2002– ,Tous publics,Adventure,33,1min,United Kingdom,English,"The hosts talk about everything car-related. From new cars to how they're fueled, this show has it all."
2022-12-14 17:02:17.753132,serie,Six Feet Under,Six Feet Under,8.7/10,2001–2005,16+,Comedy, 5,1min,United States,English,A chronicle of the lives of a dysfunctional family who run an independent funeral home in Los Angeles.
2022-12-14 17:02:16.221912,serie,Oz,Oz,8.7/10,1997–2003,16+,Crime, 6,55min,United States,,A series chronicling the daily activities of an unusual prison facility and its criminal inhabitants.
2022-12-14 17:01:47.733496,serie,Berserk,Kenpuu Denki Berserk,8.7/10,1997–1998,14+,Animation, 1,23min,Japan,,"Guts is a skilled swordsman who joins forces with a mercenary group named 'The Band of the Hawk', lead by the charismatic Griffith, and fights with them as they battle their way into the roy..., "
2022-12-14 17:02:22.856168,serie,South Park,South Park,8.7/10,1997– ,14+,Animation,25,22min,United States,English,"Follows the misadventures of four irreverent grade-schoolers in the quiet, dysfunctional town of South Park, Colorado."
2022-12-14 17:01:37.360347,serie,Father Ted,Father Ted,8.7/10,1995–1998,14+,Comedy, 1,25min,United Kingdom,English,"Three misfit priests and their housekeeper live on Craggy Island, not the peaceful and quiet part of Ireland that it seems to be."
2022-12-14 17:00:37.926975,serie,Homicide: Life on the Street,Homicide: Life on the Street,8.7/10,1993–1999,14+,Crime, 7,1min,United States,,Life on the Street is an American police procedural television series chronicling the work of a fictional version of the Baltimore Police Department's Homicide Unit.
2022-12-14 17:02:08.303119,serie,The Simpsons,The Simpsons,8.7/10,1989– ,14+,Animation,34,22min,United States,English,The satiric adventures of a working-class family in the misfit city of Springfield.
2022-12-14 17:01:13.778217,serie,Lonesome Dove,Lonesome Dove,8.7/10,1989,14+,Adventure, 1,384min,United States,,Two former Texas Rangers renew their spirit of adventure as they and several other residents of a small Texas town join a cattle drive to the Montana Territory.
2022-12-14 17:01:20.335826,serie,Mystery Science Theater 3000,Mystery Science Theater 3000,8.7/10,1988–1999,14+,Comedy,11,92min,United States,English,"In the not-too-distant future Joel Robinson is held captive by Dr. Forrester and TV's Frank, forced to watch B-Grade movies on the Satellite of Love with the help of his robot friends: Cambo..., "
2022-12-14 17:01:53.162658,serie,Star Trek: The Next Generation,Star Trek: The Next Generation,8.7/10,1987–1994,Tous publics,Action, 7,44min,United States,English,"Set almost 100 years after Captain Kirk's 5-year mission, a new generation of Starfleet officers set off in the U.S.S. Enterprise-D on its own mission to go where no one has gone before."
2022-12-14 17:01:11.717413,serie,The Return of Sherlock Holmes,The Return of Sherlock Holmes,8.7/10,1986–1988,Tous publics,Crime, 2,1min,United Kingdom,,"Sherlock Holmes and Dr Watson solve the mysteries of the devil's foot, Silver Blaze, Wisteria Lodge and the Bruce-Partington Plans."
2022-12-14 17:01:50.298787,serie,The Adventures of Sherlock Holmes,The Adventures of Sherlock Holmes,8.7/10,1984–1985,Tous publics,Crime, 2,1min,United Kingdom,,"Sherlock Holmes and Dr Watson solve the mysteries of copper beeches, a Greek interpreter, the Norwood builder, a resident patient, the red-headed league, and one final problem."
2022-12-14 17:00:58.172151,serie,Yes Minister,Yes Minister,8.7/10,1980–1984,Tous publics,Comedy, 3,30min,United Kingdom,,"The Right Honorable James Hacker has landed the plum job of Cabinet Minister to the Department of Administration. At last he is in a position of power and can carry out some long-needed refo..., "
2022-12-14 17:00:34.440740,serie,El Chavo del Ocho,El Chavo del Ocho,8.7/10,1972–1983,Tous publics,Comedy, 4,30min,Mexico,"Mexico City, Distrito Federal, Mexico","The misadventures of a poor, homeless, fumbling boy and his friends in their humble neighborhood."
2022-12-14 17:01:00.491335,serie,Dopesick,Dopesick,8.6/10,2021,16+,Drama, 1,492min,United States,,"The series takes viewers to the epicenter of America's struggle with opioid addiction, from the boardrooms of Purdue Pharma, to a distressed Virginia mining community, to the hallways of the..., "
2022-12-14 16:59:56.706060,serie,Jujutsu Kaisen,Jujutsu Kaisen,8.6/10,2020– ,16+,Animation, 1,24min,Japan,Japanese,"A boy swallows a cursed talisman - the finger of a demon - and becomes cursed himself. He enters a shaman's school to be able to locate the demon's other body parts and thus exorcise himself..., "
2022-12-14 17:00:46.514593,serie,The Queen's Gambit,The Queen's Gambit,8.6/10,2020,16+,Drama, 1,1min,United States,English,"Orphaned at the tender age of nine, prodigious introvert Beth Harmon discovers and masters the game of chess in 1960s USA. But child stardom comes at a price."
2022-12-14 17:00:29.811300,serie,What We Do in the Shadows,What We Do in the Shadows,8.6/10,2019– ,16+,Comedy, 4,30min,United States,English,A look into the daily (or rather nightly) lives of four vampires who've lived together on Staten Island for over a century.
2022-12-14 17:00:45.931736,serie,Formula 1: Drive to Survive,Formula 1: Drive to Survive,8.6/10,2019– ,16+,Documentary, 4,40min,United Kingdom,Arabic,Docuseries following the FIA Formula One World Championship across multiple seasons.
2022-12-14 16:59:44.944073,serie,Mr Inbetween,Mr Inbetween,8.6/10,2018–2021,16+,Crime, 3,30min,Australia,English,"Ray Shoesmith is a father, ex-husband, boyfriend, brother and best friend, tough roles to juggle in the modern age. Especially when you're also a criminal for hire."
2022-12-14 17:00:48.935291,serie,Pose,Pose,8.6/10,2018–2021,16+,Drama, 3,1min,United States,English,"In the New York of the late '80s and early '90s, this is a story of ball culture and the gay and trans community, the raging AIDS crisis, and capitalism."
2022-12-14 16:59:39.573082,serie,My Brilliant Friend,L'amica geniale,8.6/10,2018– ,16+,Drama, 3,1min,Italy,Italian,A woman recounts the lifelong friendship and conflicts with a girl she met at primary school in Naples during the early 1950s.
2022-12-14 17:00:47.575801,serie,The Haunting of Hill House,The Haunting of Hill House,8.6/10,2018,16+,Drama, 1,572min,United States,English,"Flashing between past and present, a fractured family confronts haunting memories of their old home and the terrifying events that drove them from it."
2022-12-14 17:01:07.280984,serie,Mindhunter,Mindhunter,8.6/10,2017–2019,16+,Crime, 2,1min,United States,English,"Set in the late 1970s, two FBI agents are tasked with interviewing serial killers to solve open cases."
2022-12-14 17:01:31.493654,serie,Atlanta,Atlanta,8.6/10,2016–2022,16+,Comedy, 4,30min,United States,English,"Earn and his cousin Alfred, based in Atlanta, try to make their way in the world through the rap scene. Along the way they come face-to-face with social and economic issues touching on race,..., "
2022-12-14 17:00:08.416438,serie,Mob Psycho 100,Mob Psycho 100,8.6/10,2016– ,14+,Animation, 3,24min,Japan,Japanese,"A psychic middle school boy tries to live a normal life and keep his growing powers under control, even though he constantly gets into trouble."
2022-12-14 17:00:23.884861,serie,Mr. Robot,Mr. Robot,8.6/10,2015–2019,16+,Crime, 4,49min,United States,English,"Elliot, a brilliant but highly unstable young cyber-security engineer and vigilante hacker, becomes a key figure in a complex game of global dominance when he and his shadowy allies try to t..., "
2022-12-14 17:00:57.293366,serie,Making a Murderer,Making a Murderer,8.6/10,2015–2018,14+,Documentary, 2,1min,United States,,"Filmed over a 10-year period, Steven Avery, a DNA exoneree who, while in the midst of exposing corruption in local law enforcement, finds himself the prime suspect in a grisly new crime."
2022-12-14 17:01:26.770611,serie,Daredevil,Daredevil,8.6/10,2015–2018,16+,Action, 3,54min,United States,English,"A blind lawyer by day, vigilante by night. Matt Murdock fights the crime of New York as Daredevil."
2022-12-14 17:00:12.069911,serie,Skam,Skam,8.6/10,2015–2017,Tous publics,Drama, 4,30min,Norway,Norwegian,"The story of young teenagers and pupils on Hartvig Nissens upper secondary school in Oslo, and their troubles, scandals and everyday life. Each season is told from a different person's point..., "
2022-12-14 17:01:34.048745,serie,The Jinx: The Life and Deaths of Robert Durst,The Jinx: The Life and Deaths of Robert Durst,8.6/10,2015,14+,Documentary, 1,279min,United States,English,"Filmmaker Andrew Jarecki examines the complicated life of reclusive real estate icon Robert Durst, the key suspect in a series of unsolved crimes."
2022-12-14 17:00:01.638672,serie,Detectorists,Detectorists,8.6/10,2014–2022,14+,Comedy, 3,30min,United Kingdom,,"The lives of two eccentric metal detectorists, who spend their days plodding along ploughed tracks and open fields, hoping to disturb the tedium by unearthing the fortune of a lifetime."
2022-12-14 16:59:36.162234,serie,Your Lie in April,Shigatsu wa kimi no uso,8.6/10,2014–2015,Tous publics,Animation,on,23min,Japan,,A piano prodigy who lost his ability to play after suffering a traumatic event in his childhood is forced back into the spotlight by an eccentric girl with a secret of her own.
2022-12-14 16:59:42.016287,serie,Wentworth,Wentworth,8.6/10,2013–2021,16+,Crime, 9,45min,Australia,English,The confronting look into the lives of the inmates and prison staff of Wentworth Correctional Centre as they navigate the ups and downs of their lives in the prison system.
2022-12-14 17:00:02.789814,serie,Endeavour,Endeavour,8.6/10,2012–2022,14+,Crime, 8,89min,United Kingdom,,"Set from 1965 to 1971, the show follows Endeavour Morse in his early years as a police constable. Working alongside his senior partner DI Fred Thursday, Morse engages in a number of investig..., "
2022-12-14 17:00:49.962425,serie,The Newsroom,The Newsroom,8.6/10,2012–2014,16+,Drama, 3,55min,United States,English,"A newsroom undergoes some changes in its workings and morals as a new team is brought in, bringing unexpected results for its existing news anchor."
2022-12-14 17:00:52.783355,serie,The Eric Andre Show,The Eric Andre Show,8.6/10,2012– ,16+,Comedy, 5,11min,United States,,"Eric Andre tries to host a talk show in a bizarre environment, where he is sometimes the player of pranks and sometimes the victim."
2022-12-14 17:00:14.520661,serie,Shameless,Shameless,8.6/10,2011–2021,16+,Comedy,11,46min,United States,English,"A scrappy, feisty, fiercely loyal Chicago family makes no apologies."
2022-12-14 17:01:28.674967,serie,The Bridge,Bron/Broen,8.6/10,2011–2018,16+,Crime, 4,1min,Sweden,Swedish,"When a body is found on the bridge between Denmark and Sweden, right on the border, Danish inspector Martin Rohde and Swedish Saga Norén have to share jurisdiction and work together to find ..., "
2022-12-14 17:00:47.126348,serie,Impractical Jokers,Impractical Jokers,8.6/10,2011– ,14+,Comedy,on,30min,United States,English,"Q, Sal, Joe and Murr are real-life best friends who love challenging each other to the most outrageous dares and stunts ever caught on hidden camera."
2022-12-14 17:01:14.597209,serie,Adventure Time,Adventure Time,8.6/10,2010–2018,Tous publics,Animation,10,11min,United States,English,"A 12-year-old boy and his best friend, wise 28-year-old dog with magical powers, go on a series of surreal adventures with each other in a remote future."
2022-12-14 17:00:15.686883,serie,Through the Wormhole,Through the Wormhole,8.6/10,2010–2017,Tous publics,Documentary, 8,1min,United States,English,"Hosted by Morgan Freeman, Through the Wormhole will explore the deepest mysteries of existence - the questions that have puzzled mankind for eternity. What are we made of? What was there bef..., "
2022-12-14 17:00:57.210674,serie,Justified,Justified,8.6/10,2010–2015,16+,Action, 6,44min,United States,English,"U.S. Marshal Raylan Givens is reassigned from Miami to his childhood home in the poor, rural coal mining towns of eastern Kentucky."
2022-12-14 17:00:53.963714,serie,Boardwalk Empire,Boardwalk Empire,8.6/10,2010–2014,16+,Crime, 5,55min,United States,English,An Atlantic City politician plays both sides of the law by conspiring with gangsters during the Prohibition era.
2022-12-14 16:59:38.997799,serie,The Great British Baking Show,The Great British Bake Off,8.6/10,2010– ,Tous publics,Reality-TV,13,1min,United Kingdom,English,Bakers attempt three challenges each week trying to impress the judges enough to go through to the next round and eventually are crowned Britain's best amateur baker.
2022-12-14 17:01:38.693322,serie,Parks and Recreation,Parks and Recreation,8.6/10,2009–2015,14+,Comedy, 7,22min,United States,English,The absurd antics of an Indiana town's public officials as they pursue sundry projects to make their city a better place.
2022-12-14 17:01:18.873022,serie,Archer,Archer,8.6/10,2009– ,16+,Animation,13,22min,United States,English,Covert black ops and espionage take a back seat to zany personalities and relationships between secret agents and drones.
2022-12-14 17:00:09.753336,serie,Sons of Anarchy,Sons of Anarchy,8.6/10,2008–2014,16+,Crime, 7,45min,United States,English,A biker struggles to balance being a father and being involved in an outlaw motorcycle club.
2022-12-14 17:00:41.362300,serie,Flight of the Conchords,Flight of the Conchords,8.6/10,2007–2009,16+,Comedy, 2,28min,United States,English,"Bret and Jemaine are Flight of the Conchords, a folk-rock band from New Zealand living in New York City in search of stardom."
2022-12-14 17:03:20.716076,serie,Doctor Who,Doctor Who,8.6/10,2005– ,Tous publics,Adventure,13,45min,United Kingdom,English,The further adventures in time and space of the alien adventurer known as the Doctor and their companions from planet Earth.
2022-12-14 17:00:29.753247,serie,Long Way Round,Long Way Round,8.6/10,2004–2010,Tous publics,Documentary, 1,315min,United Kingdom,English,"This documentary series follows actors Ewan McGregor and Charley Boorman on a motorcycle trip around the world. The two friends will travel through such places as Siberia, Kazakhstan, Mongol..., "
2022-12-14 17:01:37.146041,serie,Deadwood,Deadwood,8.6/10,2004–2006,16+,Crime, 3,55min,United States,English,"A show set in the late 1800s, revolving around the characters of Deadwood, South Dakota; a town of deep corruption and crime."
2022-12-14 17:00:28.014950,serie,Samurai Champloo,Samurai chanpurû,8.6/10,2004–2005,16+,Animation, 1,24min,Japan,Japanese,"Fuu, a waitress who works in a teahouse, rescues two master swordsmen, Mugen and Jin, from their execution to help her find the ""samurai who smells of sunflowers."""
2022-12-14 17:00:06.765016,serie,North & South,North & South,8.6/10,2004,Tous publics,Drama, 1,235min,United Kingdom,English,"North and South is a four part adaptation of Elizabeth Gaskell's love story of Margaret Hale, a middle class southerner who is forced to move to the northern town of Milton."
2022-12-14 17:00:34.873236,serie,The Venture Bros.,The Venture Bros.,8.6/10,2003–2018,16+,Animation, 7,22min,United States,English,"The bizarre escapades of pseudo-heroic scientist Dr. Rusty Venture, his competent, high-strung bodyguard, and his two overenthusiastic sons."
2022-12-14 17:01:02.584257,serie,QI,QI,8.6/10,2003– ,Tous publics,Comedy,20,30min,United Kingdom,English,"A comedy panel game in which being Quite Interesting is more important than being right. Sandi Toksvig is joined each week by four comedians to share anecdotes and trivia, and maybe answer s..., "
2022-12-14 17:00:02.026063,serie,Trailer Park Boys,Trailer Park Boys,8.6/10,2001–2018,16+,Comedy,12,30min,Canada,English,Three petty felons have a documentary made about their life in a trailer park.
2022-12-14 17:00:43.826751,serie,Justice League,Justice League,8.6/10,2001–2004,Tous publics,Animation, 2,22min,United States,English,Seven of the most formidable heroes form arguably the most powerful team ever.
2022-12-14 17:00:35.294191,serie,Coupling,Coupling,8.6/10,2000–2004,14+,Comedy, 4,30min,United Kingdom,English,Six best friends talk about all aspects of sex and relationships on their never-ending quest to find true love.
2022-12-14 17:00:32.364552,serie,Spaced,Spaced,8.6/10,1999–2001,14+,Action, 1,25min,United Kingdom,English,"Friends Tim and Daisy, 20-something North Londoners with uncertain futures, must pretend to be a couple to live in the only apartment they can afford."
2022-12-14 16:59:56.268210,serie,Rurouni Kenshin: Trust and Betrayal,Rurouni Kenshin: Meiji Kenkaku Romantan: Tsuioku Hen,8.6/10,1999,16+,Animation, 1,118min,Japan,,"In the era of Japan's Meiji Restoration, an assassin regains his humanity."
2022-12-14 16:59:59.856642,serie,From the Earth to the Moon,From the Earth to the Moon,8.6/10,1998,14+,Action, 1,1min,United States,,Dramatized portrayal of the Apollo manned space program.
2022-12-14 17:00:22.645634,serie,I'm Alan Partridge,I'm Alan Partridge,8.6/10,1997–2002,16+,Comedy, 2,29min,United Kingdom,English,"Alan Partridge, a failed television presenter, is now presenting a programme on local radio in Norwich. He desperately tries to revive his broadcasting career."
2022-12-14 17:00:11.939649,serie,Brass Eye,Brass Eye,8.6/10,1997–2001,16+,Comedy, 2,25min,United Kingdom,,"Controversal spoof of current affairs television, and the role of celebrity in the UK."
2022-12-14 17:00:41.507534,serie,Dragon Ball,Dragon Ball,8.6/10,1995–2003,14+,Animation, 9,24min,Japan,Japanese,"Dragon Ball tells the tale of a young warrior by the name of Son Goku, a young peculiar boy with a tail who embarks on a quest to become stronger and learns of the Dragon Balls, when, once a..., "
2022-12-14 17:01:40.636749,serie,The X-Files,The X Files,8.6/10,1993–2018,14+,Crime,11,45min,United States,English,"Two F.B.I. Agents, Fox Mulder the believer and Dana Scully the skeptic, investigate the strange and unexplained, while hidden forces work to impede their efforts."
2022-12-14 17:01:02.679938,serie,Mr. Bean,Mr. Bean,8.6/10,1990–1995,Tous publics,Comedy, 1,25min,United Kingdom,English,"Bumbling, childlike Mr. Bean has trouble completing the simplest of day-to-day tasks, but his perseverance and resourcefulness frequently allow him to find ingenious ways around problems."
2022-12-14 17:00:56.574467,serie,Poirot,Poirot,8.6/10,1989–2013,14+,Crime,13,100min,United Kingdom,English,"The cases of eccentric, but sharp, Belgian detective Hercule Poirot."
2022-12-14 17:01:08.255014,serie,Blackadder the Third,Blackadder the Third,8.6/10,1987,Tous publics,Comedy, 1,3min,United Kingdom,,"In the Regency era, Mr E. Blackadder serves as butler to the foppish numskull Prince George amidst the fads and crazes of the time."
2022-12-14 17:01:10.375327,serie,Dragon Ball,Dragon Ball: Doragon bôru,8.6/10,1986–1989,14+,Animation, 1,24min,Japan,Japanese,"Son Gokû, a fighter with a monkey tail, goes on a quest with an assortment of odd characters in search of the Dragon Balls, a set of crystals that can give its bearer anything they desire."
2022-12-14 17:00:28.642108,serie,"Yes, Prime Minister","Yes, Prime Minister",8.6/10,1986–1987,Tous publics,Comedy, 2,30min,United Kingdom,,James Hacker was propelled along the corridors of power to the very pinnacle of politics - Number 10.
2022-12-14 17:01:26.707922,serie,Blackadder II,Blackadder II,8.6/10,1986,Tous publics,Comedy, 1,176min,United Kingdom,,"In the Tudor court of Elizabeth I, Lord Edmund Blackadder strives to win Her Majesty's favour while attempting to avoid a grisly fate should he offend her."
2022-12-14 17:00:52.434357,serie,The Bugs Bunny Show,The Bugs Bunny Show,8.6/10,1960–1975,Tous publics,Animation, 3,30min,United States,,TV series featuring the classic Looney Tunes animated shorts.
2022-12-14 16:59:53.720171,serie,House of the Dragon,House of the Dragon,8.5/10,2022– ,16+,Action, 1,Not time defined,United States,,"An internal succession war within House Targaryen at the height of its power, 172 years before the birth of Daenerys Targaryen."
2022-12-14 16:59:36.256931,serie,Derry Girls,Derry Girls,8.5/10,2018–2022,16+,Comedy, 3,30min,United Kingdom,English,The personal exploits of a 16-year-old girl and her family and friends during the Troubles in the early 1990s.
2022-12-14 16:59:55.766209,serie,Cobra Kai,Cobra Kai,8.5/10,2018– ,14+,Action, 5,30min,United States,English,"Decades after their 1984 All Valley Karate Tournament bout, a middle-aged Daniel LaRusso and Johnny Lawrence find themselves martial-arts rivals again."
2022-12-14 16:59:37.975672,serie,Big Little Lies,Big Little Lies,8.5/10,2017–2019,16+,Crime, 2,1min,United States,,"The apparently-perfect lives of upper-class mothers of students at a prestigious elementary school unravel to the point of murder when a single mother moves to their quaint California beach ..., "
2022-12-14 16:59:33.292205,serie,The Defiant Ones,The Defiant Ones,8.5/10,2017,16+,Documentary, 1,1min,United States,English,"""The Defiant Ones"" examines the partnership between Jimmy Iovine and Dr. Dre - one the son of a Brooklyn longshoreman, the other straight out of Compton - and their leading roles in a chain ..., "
2022-12-14 17:00:00.086596,serie,Twin Peaks,Twin Peaks,8.5/10,2017,16+,Crime, 1,1min,United States,English,Picks up 25 years after the inhabitants of a quaint northwestern town are stunned when their homecoming queen is murdered.
2022-12-14 17:00:14.247460,serie,Westworld,Westworld,8.5/10,2016–2022,16+,Drama, 4,62min,United States,English,"At the intersection of the near future and the reimagined past, waits a world in which every human appetite can be indulged without consequence."
2022-12-14 16:59:41.723620,serie,The Night Of,The Night Of,8.5/10,2016,16+,Crime, 1,525min,United States,English,"After a night of partying with a woman he picked up, a man wakes up to find her stabbed to death and is charged with her murder."
2022-12-14 16:59:49.661825,serie,The Expanse,The Expanse,8.5/10,2015–2022,14+,Drama, 6,1min,United States,,"In the 24th century, a group of humans untangle a vast plot which threatens the Solar System's fragile state of detente."
2022-12-14 16:59:53.793311,serie,Schitt's Creek,Schitt's Creek,8.5/10,2015–2020,14+,Comedy, 6,22min,Canada,English,"After being a victim of fraud, Johnny Rose and his family go from extremely wealthy to penniless overnight. The only asset left to them is a small, unsophisticated town: Schitt's Creek. They..., "
2022-12-14 16:59:44.203700,serie,Chef's Table,Chef's Table,8.5/10,2015–2019,16+,Documentary, 6,50min,United States,English,"Chef's Table goes inside the lives and kitchens of six of the world's most renowned international chefs. Each episode focuses on a single chef and their unique look at their lives, talents a..., "
2022-12-14 16:59:57.438911,serie,Silicon Valley,Silicon Valley,8.5/10,2014–2019,16+,Comedy, 6,28min,United States,English,"Follows the struggle of Richard Hendricks, a Silicon Valley engineer trying to build his own company called Pied Piper."
2022-12-14 16:59:39.547524,serie,The Knick,The Knick,8.5/10,2014–2015,16+,Drama, 2,58min,United States,,A look at the professional and personal lives of the staff at New York's Knickerbocker Hospital during the early part of the twentieth century.
2022-12-14 16:59:57.723492,serie,Hannibal,Hannibal,8.5/10,2013–2015,16+,Crime, 3,44min,United States,English,Explores the early relationship between renowned psychiatrist Hannibal Lecter and a young FBI criminal profiler who is haunted by his ability to empathize with serial killers.
2022-12-14 16:59:55.961976,serie,Spartacus: Gods of the Arena,Spartacus: Gods of the Arena,8.5/10,2011,16+,Action, 1,331min,United States,English,"In the time before the arrival of Spartacus, the House of Batiatus faces many challenges from competitors, and within its own household."
2022-12-14 17:00:23.509110,serie,Louie,Louie,8.5/10,2010–2015,16+,Comedy, 5,22min,United States,,"The life of Louie C.K., a divorced comedian living in New York with two kids."
2022-12-14 17:00:13.802656,serie,Spartacus,Spartacus: Blood and Sand,8.5/10,2010–2013,16+,Action, 3,55min,United States,English,"The life of Spartacus, the gladiator who lead a rebellion against the Romans. From his time as an ally of the Romans, to his betrayal and becoming a gladiator, to the rebellion he leads and ..., "
2022-12-14 16:59:49.635268,serie,Regular Show,Regular Show,8.5/10,2009–2017,Tous publics,Animation, 8,23min,United States,English,The daily surreal adventures of a blue jay and raccoon duo that attempt to deal with their mundane jobs as groundskeepers at the local park.
2022-12-14 16:59:50.941932,serie,Community,Community,8.5/10,2009–2015,14+,Comedy, 6,22min,United States,English,A suspended lawyer is forced to enroll in a community college with an eccentric staff and student body.
2022-12-14 16:59:34.848622,serie,Southland,Southland,8.5/10,2009–2013,16+,Crime, 5,42min,United States,English,The lives of Police Officers working for the Los Angeles Police Department.
2022-12-14 16:59:23.995005,serie,John Adams,John Adams,8.5/10,2008,14+,Biography, 1,71min,United States,English,"The life of one of the USA's Founding Fathers, its second President, and his role in the nation's first 50 years."
2022-12-14 16:59:43.842259,serie,Generation Kill,Generation Kill,8.5/10,2008,16+,Drama, 1,70min,United States,English,"A Rolling Stone reporter, embedded with The 1st Recon Marines chronicles his experiences during the first wave of the American-led assault on Baghdad in 2003."
2022-12-14 17:00:24.174515,serie,The IT Crowd,The IT Crowd,8.5/10,2006–2013,14+,Comedy, 5,25min,United Kingdom,English,"The comedic misadventures of Roy, Moss and their grifting supervisor Jen, a rag-tag team of IT support workers at a large corporation headed by a hotheaded yuppie."
2022-12-14 16:59:40.255465,serie,The Angry Video Game Nerd,The Angry Video Game Nerd,8.5/10,2004– ,16+,Comedy,16,35min,United States,English,A foul-mouthed nerd reviews bad video games.
2022-12-14 17:00:14.669381,serie,Fullmetal Alchemist,Hagane no renkinjutsushi,8.5/10,2003–2004,Tous publics,Animation, 1,24min,Japan,Japanese,"When a failed alchemical ritual leaves brothers Edward and Alphonse Elric with severely damaged bodies, they begin searching for the one thing that can save them: the fabled philosopher's st..., "
2022-12-14 17:00:29.678367,serie,Battlestar Galactica,Battlestar Galactica,8.5/10,2003,14+,Action, 1,183min,United States,English,"Following the destruction of the Twelve Colonies of Kobol by the Cylons, a rag-tag fugitive fleet of the last remnants of mankind flees the pursuing Cylons while simultaneously searching for..., "
2022-12-14 17:00:12.377389,serie,Samurai Jack,Samurai Jack,8.5/10,2001–2017,16+,Animation, 5,25min,United States,,"A samurai, sent through time, fights to return home and save the world."
2022-12-14 17:00:17.723847,serie,The Office,The Office,8.5/10,2001–2003,16+,Comedy, 3,30min,United Kingdom,English,"The story of an office that faces closure when the company decides to downsize its branches. A documentary film crew follow staff and the manager David Brent as they continue their daily liv..., "
2022-12-14 16:59:33.435091,serie,Black Books,Black Books,8.5/10,2000–2004,Tous publics,Comedy, 3,25min,United Kingdom,English,"Bernard Black runs a book shop, though his customer service skills leave something to be desired. He hires Manny as an employee. Fran runs the shop next door. Between the three of them many ..., "
2022-12-14 16:59:57.900724,serie,Futurama,Futurama,8.5/10,1999–2023,14+,Animation,10,22min,United States,English,"Philip J. Fry, a pizza delivery boy, is accidentally frozen in 1999 and thawed out on New Year's Eve 2999."
2022-12-14 17:00:18.615442,serie,Whose Line Is It Anyway?,Whose Line Is It Anyway?,8.5/10,1998–2007,Tous publics,Comedy, 8,30min,United States,,"Improvisational comedy competition show in which four members of the regular cast as comedians and often with guest appearances with other comedians and celebrities and members of the audien..., "
2022-12-14 17:00:11.313588,serie,Neon Genesis Evangelion,Shin seiki evangerion,8.5/10,1995–1996,16+,Animation, 1,24min,Japan,,A teenage boy finds himself recruited as a member of an elite team of pilots by his father.
2022-12-14 16:59:28.285512,serie,X-Men: The Animated Series,X-Men,8.5/10,1992–1997,7+,Animation, 5,23min,United States,English,A team of mutant superheroes fight for justice and human acceptance in the Marvel Comics universe.
2022-12-14 16:59:49.042187,serie,Alfred Hitchcock Presents,Alfred Hitchcock Presents,8.5/10,1955–1962,14+,Comedy, 7,25min,United States,,"Series of unrelated short stories covering elements of crime, horror, drama, and comedy about people of different backgrounds committing murders, suicides, thefts, and other sorts of crime c..., "
